{"cameraMode":{"drawMode":0,"name":"Shaded","section":"Shading Mode"},"sceneLighting":true,"audioPlay":false,"sceneViewState":{"showFog":true,"showMaterialUpdate":false,"showSkybox":true,"showFlares":true,"showImageEffects":true,"showParticleSystems":true},"in2DMode":false,"pivot":{"x":1.9614195823669434,"y":6.500001907348633,"z":-197.91062927246095},"rotation":{"x":0.3328068256378174,"y":0.014671790413558483,"z":-0.005355759058147669,"w":0.9429170489311218},"size":16.5,"orthographic":false}