{"cameraMode":{"drawMode":0,"name":"Shaded","section":"Shading Mode"},"sceneLighting":false,"audioPlay":false,"sceneViewState":{"showFog":true,"showMaterialUpdate":false,"showSkybox":false,"showFlares":true,"showImageEffects":true,"showParticleSystems":true},"in2DMode":false,"pivot":{"x":4.470348358154297e-8,"y":0.0449574775993824,"z":0.0},"rotation":{"x":0.5704073309898377,"y":-0.08560456335544586,"z":0.05992082133889198,"w":0.8147234320640564},"size":0.6441228985786438,"orthographic":false}