{"cameraMode":{"drawMode":0,"name":"Shaded","section":"Shading Mode"},"sceneLighting":true,"audioPlay":false,"sceneViewState":{"showFog":true,"showMaterialUpdate":false,"showSkybox":true,"showFlares":true,"showImageEffects":true,"showParticleSystems":true},"in2DMode":false,"pivot":{"x":-3.8789498805999758,"y":25.24597930908203,"z":-185.75775146484376},"rotation":{"x":0.6653379201889038,"y":-0.042167194187641147,"z":0.0374482087790966,"w":0.7444863319396973},"size":6.705089569091797,"orthographic":false}