{"cameraMode":{"drawMode":0,"name":"Shaded","section":"Shading Mode"},"sceneLighting":false,"audioPlay":false,"sceneViewState":{"showFog":true,"showMaterialUpdate":false,"showSkybox":false,"showFlares":true,"showImageEffects":true,"showParticleSystems":true},"in2DMode":false,"pivot":{"x":0.27227139472961428,"y":10.390000343322754,"z":0.5633484721183777},"rotation":{"x":0.5446784496307373,"y":-0.0848153755068779,"z":0.0552331805229187,"w":0.8325748443603516},"size":22.0,"orthographic":false}