{"cameraMode":{"drawMode":0,"name":"Shaded","section":"Shading Mode"},"sceneLighting":true,"audioPlay":false,"sceneViewState":{"showFog":true,"showMaterialUpdate":false,"showSkybox":true,"showFlares":true,"showImageEffects":true,"showParticleSystems":true},"in2DMode":false,"pivot":{"x":3.6592395305633547,"y":-43.61913299560547,"z":-95.36835479736328},"rotation":{"x":0.22487322986125947,"y":0.004951334558427334,"z":-0.0013120671501383186,"w":0.9744182229042053},"size":129.293212890625,"orthographic":false}