{"cameraMode":{"drawMode":0,"name":"Shaded","section":"Shading Mode"},"sceneLighting":true,"audioPlay":false,"sceneViewState":{"showFog":true,"showMaterialUpdate":false,"showSkybox":true,"showFlares":true,"showImageEffects":true,"showParticleSystems":true},"in2DMode":false,"pivot":{"x":53.62353515625,"y":42.04266357421875,"z":-46.848876953125},"rotation":{"x":0.19424469769001008,"y":-0.508936882019043,"z":0.11901827156543732,"w":0.8302080035209656},"size":127.86656951904297,"orthographic":false}