{"cameraMode":{"drawMode":0,"name":"Shaded","section":"Shading Mode"},"sceneLighting":true,"audioPlay":false,"sceneViewState":{"showFog":true,"showMaterialUpdate":false,"showSkybox":true,"showFlares":true,"showImageEffects":true,"showParticleSystems":true},"in2DMode":false,"pivot":{"x":0.5793273448944092,"y":-8.967690467834473,"z":41.382057189941409},"rotation":{"x":0.15271224081516267,"y":0.0014833693858236075,"z":-0.00024621959892101586,"w":0.9882929921150208},"size":55.83715057373047,"orthographic":false}