{"cameraMode":{"drawMode":0,"name":"Shaded","section":"Shading Mode"},"sceneLighting":false,"audioPlay":false,"sceneViewState":{"showFog":true,"showMaterialUpdate":false,"showSkybox":false,"showFlares":true,"showImageEffects":true,"showParticleSystems":true},"in2DMode":false,"pivot":{"x":-26.860031127929689,"y":0.14482390880584718,"z":-232.82948303222657},"rotation":{"x":0.7557772397994995,"y":-0.03405965864658356,"z":0.039171166718006137,"w":0.6528794169425964},"size":29.926284790039064,"orthographic":false}