{"cameraMode":{"drawMode":0,"name":"Shaded","section":"Shading Mode"},"sceneLighting":false,"audioPlay":false,"sceneViewState":{"showFog":true,"showMaterialUpdate":false,"showSkybox":false,"showFlares":true,"showImageEffects":true,"showParticleSystems":true},"in2DMode":false,"pivot":{"x":-0.1987377107143402,"y":-0.1110086441040039,"z":-0.5820236206054688},"rotation":{"x":0.25254660844802859,"y":0.006363342050462961,"z":-0.0018314799526706339,"w":0.9676060080528259},"size":7.971342086791992,"orthographic":false}