{"cameraMode":{"drawMode":0,"name":"Shaded","section":"Shading Mode"},"sceneLighting":true,"audioPlay":false,"sceneViewState":{"showFog":true,"showMaterialUpdate":false,"showSkybox":true,"showFlares":true,"showImageEffects":true,"showParticleSystems":true},"in2DMode":false,"pivot":{"x":-3.191502094268799,"y":-0.1960296630859375,"z":-136.93954467773438},"rotation":{"x":0.2335807979106903,"y":0.019488543272018434,"z":-0.004738656338304281,"w":0.97213214635849},"size":169.1581268310547,"orthographic":false}