{"cameraMode":{"drawMode":0,"name":"Shaded","section":"Shading Mode"},"sceneLighting":true,"audioPlay":false,"sceneViewState":{"showFog":true,"showMaterialUpdate":false,"showSkybox":true,"showFlares":true,"showImageEffects":true,"showParticleSystems":true},"in2DMode":false,"pivot":{"x":-3.0866317749023439,"y":3.2106168270111086,"z":-197.57298278808595},"rotation":{"x":0.06562139093875885,"y":0.7459312677383423,"z":-0.07432272285223007,"w":0.6586016416549683},"size":3.7578835487365724,"orthographic":false}