{"cameraMode":{"drawMode":0,"name":"Shaded","section":"Shading Mode"},"sceneLighting":true,"audioPlay":false,"sceneViewState":{"showFog":true,"showMaterialUpdate":false,"showSkybox":true,"showFlares":true,"showImageEffects":true,"showParticleSystems":true},"in2DMode":false,"pivot":{"x":5.922846794128418,"y":4.399372577667236,"z":-202.60496520996095},"rotation":{"x":-0.09911081939935684,"y":0.6969366073608398,"z":-0.09819723665714264,"w":-0.7034260034561157},"size":4.041658401489258,"orthographic":false}